random_4,1,1,6.0,0.0,1.0,PairWise,IM,12,0.0
random_4,2,1,6.0,0.0,1.0,PairWise,IM,12,0.5718598840115989
random_4,3,1,6.0,0.0,1.0,PairWise,IM,12,0.31991888811118885
