random_4,1,1,6.0,0.0,1.0,PairWise,IM,14,0.0
random_4,2,1,6.0,0.0,1.0,PairWise,IM,14,0.5425681231876813
random_4,3,1,6.0,0.0,1.0,PairWise,IM,14,0.34367583241675825
