random_4,1,1,6.0,0.0,1.0,PairWise,IM,15,0.0
random_4,2,1,6.0,0.0,1.0,PairWise,IM,15,0.5378167683231677
random_4,3,1,6.0,0.0,1.0,PairWise,IM,15,0.35069004099590034
