random_4,1,1,6.0,0.0,1.0,PairWise,IM,20,0.0
random_4,2,1,6.0,0.0,1.0,PairWise,IM,20,0.5480311368863111
random_4,3,1,6.0,0.0,1.0,PairWise,IM,20,0.3058452354764524
