random_4,1,1,6.0,0.0,1.0,PairWise,IM,3,0.0
random_4,2,1,6.0,0.0,1.0,PairWise,IM,3,0.5423963503649635
random_4,3,1,6.0,0.0,1.0,PairWise,IM,3,0.31618029197080305
