random_4,1,1,6.0,0.0,1.0,PairWise,IM,6,0.0
random_4,2,1,6.0,0.0,1.0,PairWise,IM,6,0.5775491850814919
random_4,3,1,6.0,0.0,1.0,PairWise,IM,6,0.33373043695630444
