random_4,1,1,6.0,0.0,1.0,PairWise,IM,8,0.0
random_4,2,1,6.0,0.0,1.0,PairWise,IM,8,0.5934098790120987
random_4,3,1,6.0,0.0,1.0,PairWise,IM,8,0.3196789021097891
