random_4,1,1,6.0,0.0,1.0,PairWise,IM,9,0.0
random_4,2,1,6.0,0.0,1.0,PairWise,IM,9,0.5817489151084891
random_4,3,1,6.0,0.0,1.0,PairWise,IM,9,0.3194868213178682
